epoch,iter,mse,total_loss
1,11,39.82986441525546,81.05117763172497
1,22,36.80514994534579,74.79488164728338
