epoch,iter,mse,total_loss
0,11,76.10043794458562,154.03425736860797
0,22,60.13853051445701,122.12811647761951
